Y,r,I,rpBANK,H,C,K,lev,n,Equity,q,LA,A,mu,log_Y,log_C,log_I,log_r,log_q,log_LA,log_A,log_H,log_rpBANK
7341.557,0.1719,972.248,1.33666666666667,67.597,4479.62422041525,28952.15,4487.958,2829.745,148.17,0.162800310166948,108.607734071039,17.7683240472194,0.549347645204023,NaN,NaN,NaN,NaN,NaN,NaN,NaN,NaN,NaN
7190.289,0.0947,889.579,2.15333333333333,66.376,4381.75812877522,28952.15,4565.249,2940.79,148.17,0.162800310166948,108.32663914668,17.6260121491127,2.34015244287536,-0.0208195798315742,-0.0220891204242566,-0.0888625988470766,-0.596198912196771,0,-0.00259152182762712,-0.00804155016315811,-0.0182280580039462,0.476838076476029
7181.743,0.1087,830.866,1.59,66.074,4434.48232513702,28952.15,4692.075,3070.952,145.97,0.167104860951605,108.692420619306,17.6613724196423,1.104862602849,-0.00118925438062334,0.0119608409511436,-0.0682797867537666,0.137877793935131,0.0260971664846659,0.00337096492259548,0.00200413166332636,-0.0045602193032197,-0.303283012894259
7315.677,0.189,908.306,1.84,66.962,4488.78706199461,28952.15,4845.626,3214.547,148.02,0.172479280467945,109.251172306681,17.8230317505272,1.65306815315656,0.018477468485921,0.0121716391003588,0.0891127958845352,0.553155220932478,0.0316555907742646,0.00512750023125985,0.00911163386294644,0.0133499682546541,0.146031555388754
7459.022,0.147,992.376,2.08333333333333,67.348,4502.17022800525,29738.288,4933.833,3321.056,148.62,0.170906038706734,110.753429945952,17.9548549183914,2.18665488878923,0.0194047266803601,0.00297703024566331,0.0885207414950067,-0.251314428280906,-0.00916319179259339,0.0136568141982254,0.00736900787955319,0.00574791248213469,0.124203603459304
7403.745,0.191,951.246,1.78666666666667,67.4,4489.11155331851,29738.288,5078.43,3417.664,150.68,0.175837627236645,109.847848664688,17.8121020613216,1.53611763575762,-0.00743835315034502,-0.00290474354741654,-0.0423293635547317,0.261840841267894,0.0284470724517902,-0.00821016427305299,-0.00798242999302312,0.000771811122707966,-0.153617488665596
7492.405,0.1587,1004.861,1.55666666666667,67.362,4499.41175118914,29738.288,5239.482,3456.35,151.6,0.181284208425179,111.225987945726,18.0325117565914,1.03176852947467,0.0119038875069215,0.00229185641072682,0.0548317982963429,-0.185257800514266,0.030505015378143,0.0124678447204882,0.0122982199999973,-0.000563957213564059,-0.137804903401904
7410.768,0.1237,969.475,2.06666666666667,67.069,4459.91055092498,29738.288,5407.954,3582.392,153.12,0.187000475615812,110.494684578568,17.8905688651906,2.15010785210207,-0.0109557631202328,-0.00881795628901116,-0.0358498146076185,-0.249156348133921,0.031045148186138,-0.00659664262029658,-0.00790264240473926,-0.00435912049993892,0.283390220370239
7295.631,0.1468,877.772,2.02333333333334,65.94,4487.86764705882,30368.384,5508.313,3655.244,153.87,0.18644992766161,110.640445859873,17.7122298205195,2.05508555671543,-0.0156584018269079,0.00624896739532055,-0.0993678090436001,0.171211836781973,-0.00294844160408214,0.00131830073427164,-0.0100183436621912,-0.0169767025611733,-0.0211906869796372
7328.912,0.1415,877.104,2.27,66.244,4486.38453247696,30368.384,5657.74,3692.422,154.4,0.191387859163003,110.63510657569,17.7357143357542,2.59598169968555,0.00455139794138049,-0.000330526614517268,-0.000761307388400745,-0.036771399097123,0.0261393266093954,-4.8259142279683e-05,0.00132501442493105,0.00459965708366017,0.115033515090011
7300.896,0.1031,869.067,2.49666666666667,65.772,4523.44712414332,30368.384,5809.881,3763.532,154.96,0.196416147793705,111.003101623791,17.7566956375027,3.09302139863107,-0.0038299934280559,0.00822719050305309,-0.00920534902194259,-0.316600326060378,0.0259335661927316,0.00332068544720432,0.00118229808617265,-0.00715067887526555,0.0951766773677085
7303.817,0.0895,801.889,2.51333333333334,65.158,4605.57678272442,30368.384,5987.809,3823.042,155.99,0.202309052730629,112.093940882163,17.8809863593662,3.12956843531823,0.000400007865810181,0.0179935720016307,-0.0804500281106328,-0.141460765742104,0.0295608807622243,0.00977913413210718,0.00697526993000253,-0.00937912626629789,0.00665338449073771
7400.066,0.0877,829.672,1.99,65.555,4654.20128680387,31093.054,6096.694,3900.519,155.81,0.201090056962561,112.883319350164,17.9129637871528,1.98199148334109,0.0130918308749912,0.0105024009550725,0.0340602476654999,-0.0203167259026724,-0.00604363990476076,0.00701743550931067,0.00178675089857228,0.0060743953656841,-0.233475254615357
7568.456,0.0898,903.148,1.68,66.318,4757.09089371061,31093.054,6292.177,3963.389,156.14,0.207387701446117,114.123706987545,18.1724884080408,1.30221660095973,0.0225001645449137,0.021866010402416,0.08485599614127,0.0236630759300165,0.0308371430133736,0.0109282959394079,0.0143841398567472,0.0115718686055075,-0.169340845321234
7719.746,0.0945,959.692,1.18333333333333,67.644,4854.45395383875,31093.054,6503.711,3970.06,157.35,0.21422987269118,114.123144698717,18.2802047765339,0.213114907682057,0.0197923783068283,0.0202602999025512,0.0607259615459812,0.0510148591915431,0.0324596146463183,-4.92702373655618e-06,0.00590994368887232,0.0197973053305649,-0.350458478595956
7880.794,0.0947,1053.054,1.19666666666667,68.914,4927.1998504704,31093.054,6690.009,4037.394,156.92,0.220207670819341,114.356937632411,18.4197066987215,0.242352537031793,0.0206471982740037,0.0148742205129508,0.0928373932198543,0.00211416569233558,0.0275214494070444,0.00204650674935092,0.00760233954044987,0.0186006915246484,0.0112045990128687
8034.847,0.0991,1154.826,1.46,70.233,4971.65854561155,32068.518,6875.564,4010.718,158.5,0.219344841567047,114.402730909971,18.3615784339395,0.819795716689084,0.0193592971005696,0.00898265078701677,0.0922551693861129,0.0454154411439096,-0.00392594894224119,0.000400361466367016,-0.00316075487661305,0.0189589356342044,0.198896521888164
8173.67,0.1106,1192.381,1.48666666666667,71.147,5047.14300275201,32068.518,7147.191,4031.891,159.24,0.227838124605571,114.884253728197,18.5102234018886,0.878270975388558,0.017130055100596,0.0150688453356285,0.0320024651702218,0.109790647752293,0.0379902865678783,0.00420018194129579,0.00806284292192716,0.0129298731593046,0.0181000416436202
8252.465,0.113,1218.184,1.72,71.456,5078.74765108808,32068.518,7398.958,4140.971,159.7,0.235703377374658,115.490161777877,18.6319075153472,1.38992948900894,0.00959393118098717,0.00624236465609584,0.0214090767570916,0.0214677296241059,0.0339387419646828,0.0052602147288292,0.00655237304993594,0.00433371645215175,0.145787813461496
8320.199,0.0838,1202.383,1.25666666666667,71.922,5137.87729889092,32068.518,7695.515,4214.805,160.7,0.244982165998441,115.683643391452,18.6993707653461,0.373921869105607,0.00817422921914179,0.0115753114775181,-0.0130558042348747,-0.298954811224303,0.0386112770881932,0.00167390642387488,0.00361430556608022,0.00650032279527046,-0.313861578033549
8400.82,0.0858,1169.416,1.13666666666666,72.497,5234.9525360448,33127.016,7920.737,4224.208,160.29,0.243940685753284,115.87817426928,18.5941973086619,0.11078320495798,0.00964314731614735,0.0187177603241171,-0.0278009420707575,0.0235859990058795,-0.00426031148548689,0.00168016407502591,-0.00564031498945239,0.00796298324111966,-0.100362710164502
8474.787,0.0753,1189.334,1.39,72.991,5291.77157741032,33127.016,8203.36,4262.99,161.3,0.252502670328049,116.107287199792,18.6687851473356,0.66629816260297,0.00876620007486117,0.0107953039431745,0.0168890076915771,-0.130538871688069,0.0344967196494361,0.00197523589239168,0.00400332627039024,0.00679096418247127,0.20120374451529
8604.22,0.0792,1181.226,1.44,73.196,5401.98493645065,33127.016,8488.61,4249.905,161.75,0.261127051105358,117.550412590852,18.9166746865919,0.775939272664473,0.0151572603738277,0.0206133852866799,-0.00684060442851653,0.0504961640145325,0.0335852505090599,0.0123526315849949,0.0131909059907493,0.00280462878883192,0.0353393664453089
8668.188,0.0827,1224.763,1.4,73.563,5421.20969786811,33127.016,8966.473,4549.648,162.3,0.275568828777092,117.833530443293,18.9904625360739,0.688226384615271,0.00740699182869164,0.00355251518347899,0.0361944737322233,0.0432433032092652,0.0538303548866625,0.00240558455535478,0.00389308969672442,0.00500140727333243,-0.0281708769666964
8749.127,0.0748,1224.404,1.44333333333333,73.457,5480.25774396398,34181.992,9151.058,4628.364,162.02,0.2724556836828,119.105422219802,19.0083223429034,0.783248680001912,0.00929415155361291,0.0108331513873274,-0.000293160901295053,-0.100401717049214,-0.0113614574209986,0.0107361324863779,0.000940019961244598,-0.0014419809327606,0.0304830167250736
8788.524,0.0692,1203.028,1.27,73.258,5513.36259401767,34181.992,9473.137,4672.976,162.2,0.281883425635346,119.966747658959,19.130253369431,0.403159498455343,0.00449285554507561,0.00602257474774603,-0.0176124831228748,-0.0778170223568075,0.0340176290086109,0.00720559960037459,0.00639412666454575,-0.00271274405529631,-0.127938352875787
8872.601,0.0589,1170.667,1.35,73.628,5617.45585488437,34181.992,9798.694,4643.137,162.99,0.291430762724419,120.505799424132,19.2451711495434,0.57858527455376,0.00952120945350288,0.0187041583762184,-0.0272680400243885,-0.161159771966083,0.0333088557076398,0.00448327823373873,0.00598915191482519,0.00503793121975971,0.0610876919798382
8920.193,0.0691,1174.171,1.41666666666667,74.183,5655.20167005018,34181.992,10195.569,4782.145,163.77,0.303064227503184,120.245784074518,19.2467251608966,0.724773421302439,0.00534959416711622,0.00669690463896089,0.00298869483369923,0.159713640116083,0.039142298097093,-0.00216003107379148,8.0744858165005e-05,0.00750962524090681,0.04820210181788
8986.367,0.0613,1205.858,1.29333333333333,75.107,5677.69087310649,35208.604,10382.66,4955.527,165.25,0.299583306398629,119.647529524545,19.0527187198753,0.454325349817381,0.00739106799354161,0.00396884246293538,0.0266289800858104,-0.119774887831458,-0.0115522245442672,-0.00498768207606304,-0.010131118405639,0.0123787500696064,-0.0910838293011484
9083.256,0.0673,1206.486,1.19,75.537,5770.58134260659,35208.604,10678.352,5023.797,164.46,0.307959156801559,120.24909646928,19.1811754651805,0.227733722356927,0.0107240675207461,0.0162282144131201,0.000520655440673146,0.0933803937085163,0.0275746359333144,0.00501522856482595,0.00671954721778434,0.005708838955921,-0.0832695578436317
9162.024,0.0722,1206.662,1.15,76.063,5847.27552379345,35208.604,10941.803,5110.779,164.57,0.315444855467715,120.453098089741,19.253560949861,0.140020834307721,0.0086343963330755,0.0132030022699912,0.000145867555833235,0.0702798092480985,0.02401671574,0.00169505450234642,0.00376667447288304,0.00693934183072553,-0.0341913647482794
9319.332,0.0677,1288.881,1.16666666666667,76.849,5863.47835795899,35208.604,11226.544,4979.58,164.98,0.323543756520423,121.268097177582,19.4435143979442,0.176567870994893,0.0170238373325571,0.00276717360269707,0.065916530308936,-0.0643538659805514,0.0253504823840458,0.00674332406199607,0.00981753644583705,0.0102805132705646,0.0143887374521026
9367.502,0.0658,1227.008,1.19666666666667,76.92,5967.4218504773,36224.176,11425.105,5040.573,163.54,0.319914661412864,121.782397295892,19.3661552530921,0.242352537031793,0.00515551288075322,0.0175719793531393,-0.049195714392793,-0.0284663415869577,-0.0112800873745691,0.00423204969837521,-0.00398659653653821,0.000923463182378903,0.0253892340048195
9490.594,0.0751,1256.243,1.17,78.002,6019.30292945178,36224.176,11706.043,5124.505,162.56,0.327643146389306,121.67116227789,19.4293542842164,0.18387727833232,0.0130547376755246,0.00865647687763804,0.0235468349955008,0.132200720438818,0.023870770648986,-0.000913808990406828,0.003258061965556,0.0139685466659287,-0.022536165022416
9546.206,0.0819,1263.222,1.11,78.211,6074.98915793278,36224.176,11960.847,5164.228,NaN,0.327643146389306,122.057076370332,19.5065538458712,0.0523079462585108,0.00584259520477559,0.00920874435620078,0.00554007922334687,0.0866784320889344,0,0.00316675997077454,0.00396547385309853,0.00267583523400639,-0.0526437334854218
9673.405,0.0876,1282.499,1.00333333333333,79.09,6153.10294170339,36224.176,12336.729,5326.688,161.06,0.345012375160721,122.308825388798,19.6121062524883,-0.181593088539375,0.0132365693740351,0.0127762934230269,0.0151449184416208,0.067282007083322,0.0516552386274198,0.00206042746322233,0.00539653774005133,0.0111761419108118,-0.101032225231571
9771.725,0.0985,1326.029,0.956666666666667,79.882,6188.24822695035,37242.084,12591.494,5565.988,162.1,0.342451136730157,122.326994817356,19.5112465076694,-0.283924791263451,0.0101126439262114,0.00569554820601148,0.0333782434757071,0.117275550235698,-0.00745130537596483,0.000148542667023577,-0.00515599820279888,0.00996410125918867,-0.047628048989251
9846.293,0.0953,1313.202,0.880000000000001,80.191,6234.56956895493,37242.084,12826.017,5593.312,161.31,0.348727181862325,122.785512089885,19.6069746210583,-0.452041160024433,0.00760202780034724,0.00745749594699241,-0.00972033216969592,-0.0330267375178868,0.018160921600135,0.0037412844668312,0.00489430765090493,0.00386074333350894,-0.0835331126133042
9919.228,0.0902,1301.412,0.92,80.374,6286.28977480537,37242.084,13034.268,5623.046,160.08,0.354285973899849,123.413392390574,19.7206533540925,-0.364328271975226,0.00738005651708917,0.00826149365608231,-0.0090186007660682,-0.0550003835915787,0.0158145202419868,0.00510060484035701,0.00578112922116292,0.00227945167673482,0.0444517625708327
9938.767,0.0845,1291.758,0.923333333333334,80.378,6318.42423823194,37242.084,13345.611,5651.74,157.97,0.362589295486257,123.650339645177,19.7587997131565,-0.357018864637791,0.00196787302096091,0.00509881192263606,-0.00744574756052252,-0.0652778927054496,0.0231663534504947,0.00191810692162164,0.00193246704153971,4.97660993437066e-05,0.00361664047018918
10047.386,0.0828,1304.586,0.903333333333332,80.614,6395.12061591103,38181.148,13568.126,5592.04,158.5,0.359513181740895,124.63574565212,19.7860237363651,-0.400875308662398,0.0108695324620918,0.0120654481468261,0.00988166774884647,-0.0203234729719144,-0.0085199329737411,0.00793770766276047,0.00137686934140557,0.00293182479932774,-0.0218986853076398
10083.855,0.0829,1304.993,0.913333333333334,80.263,6401.18602487099,38181.148,13792.566,5638.238,157.73,0.365371308374489,125.635161905237,19.9186794751946,-0.378947086650093,0.00362312883683913,0.000947993758586563,0.000311927711940996,0.00120700075003555,0.0161632763563149,0.00798671787625072,0.00668214199831629,-0.00436358903940803,0.0110092855083715
10090.569,0.082,1279.695,1.01333333333333,79.854,6453.00364026774,38181.148,14010.883,5570.93,157.46,0.371082163375496,126.362724472162,20.0034974383651,-0.159664866527077,0.000665595235616934,0.00806241349099857,-0.0195759084875577,-0.0109158148769963,0.0155093829933974,0.00577437056316388,0.00424917163074801,-0.00510877532754783,0.103899595018148
9998.704,0.0731,1208.107,1.30333333333333,79.512,6440.61110648572,38181.148,14292.014,5512.383,158.03,0.378460176210521,125.750880370259,19.8811508990338,0.476253571829683,-0.00914574064807105,-0.00192227514803811,-0.0575670965391115,-0.11489088050852,0.01968734986285,-0.0048537269813016,-0.00613503832567819,-0.00429201366676946,0.251679858579145
9951.916,0.0612,1167.908,1.27,78.733,6387.48412842373,38943.58,14386.543,5590.777,156.87,0.373448280820613,126.400823034814,19.8078572155475,0.403159498455347,-0.00469038914850728,-0.00828295718587491,-0.0338405575684719,-0.177681177237452,-0.0133313292883053,0.00515518313125884,-0.00369340380554162,-0.0098455722797679,-0.0259081848586622
10029.51,0.059,1167.904,1.01,78.239,6428.3198009429,38943.58,14539.492,5579.38,155.39,0.377337728067117,128.190672171168,20.0506008062874,-0.166974273864505,0.00776665189406245,0.00637272713354342,-3.42493317084802e-06,-0.0366097456125609,0.0103610935618879,0.0140607888212108,0.0121804306517781,-0.00629413692714831,-0.229066569617332
10080.195,0.0545,1191.028,0.896666666666665,78.148,6453.67410583764,38943.58,14740.215,5516.345,152.94,0.382429016541366,128.988521779188,20.1684031827139,-0.415494123337268,0.00504086035340556,0.00393639956942415,0.0196061105052827,-0.0793367422365212,0.0134024415271163,0.00620464008280219,0.00585806219083951,-0.00116377972939929,-0.119021425907532
10115.329,0.0443,1233.261,0.953333333333331,78.016,6458.85259401592,38943.58,15011.194,5517.54,148.64,0.389276846145116,129.657108798195,20.2627045424224,-0.29123419860089,0.0034793883481079,0.00080208755052702,0.0348450808609542,-0.207216024618108,0.0177477188626016,0.00516991921869003,0.00466480074462483,-0.00169053087058213,0.061280431218013
10236.435,0.0398,1210.478,0.923333333333334,77.556,6596.42058525442,39749.632,15153.355,5319.312,146.19,0.384897777166843,131.987660529166,20.4649751370985,-0.357018864637791,0.0119014184214254,0.0210754813544014,-0.018646557690837,-0.107117764760698,-0.0113129920575096,0.0178150962114758,0.00993291340499081,-0.0059136777900477,-0.0319743046325109
10347.429,0.0376,1278.935,0.853333333333335,77.858,6645.33461261694,39749.632,15370.158,5288.257,143.75,0.390290606967129,132.901294664646,20.6305900598196,-0.510516418723902,0.0107846685927111,0.0073878800977436,0.0550123774287226,-0.056862861894543,0.0139138225293716,0.00689826993982834,0.00806003365630836,0.00388639865288276,-0.0788400617077747
10449.673,0.0322,1289.101,0.723333333333334,77.989,6726.45406661256,39749.632,15606.973,5228.892,144.56,0.396268649732405,133.989062560105,20.809920376324,-0.795583304883832,0.00983260299874544,0.0121330737543097,0.00791737585022378,-0.155037597845487,0.0152007819449229,0.00815146661687383,0.00865488547515092,0.00168113638187339,-0.165280090939104
10558.648,0.0292,1328.433,0.846666666666666,78.491,6807.33488217723,39749.632,15830.689,5131.325,144.63,0.401898538331122,134.520492795352,20.9325863344841,-0.525135233398776,0.0103745537233149,0.0119525697912071,0.0300549759253546,-0.0977977432761263,0.0141072748969281,0.00395837629276841,0.00587728533452081,0.00641617743054201,0.157436913478075
10576.275,0.0307,1359.751,0.67,79.187,6835.85056893192,40619.356,16010.598,5175.346,144.98,0.397731022618872,133.560748607726,20.7038387938429,-0.912533822282777,0.00166804526206121,0.00418021559275061,0.0233015426229848,0.0500939453189155,-0.010423710303831,-0.00716013013744288,-0.0109879674552227,0.00882817539950498,-0.23402935895946
10637.847,0.0304,1367.575,0.733333333333334,80.082,6903.27776649429,40619.356,16295.875,5217.265,144.44,0.404740907265984,132.836929647112,20.6608822594433,-0.773655082871528,0.00580482877342448,0.00981543184669675,0.00573750366706616,-0.00982004618097543,0.0174711729952012,-0.00543413701308015,-0.00207696552752612,0.0112389657865073,0.0903226382932866
10688.606,0.0309,1358.287,0.729999999999999,80.561,6969.091586811,40619.356,16624.026,5291.205,139.7,0.412702899573297,132.677176301188,20.6728076789968,-0.780964490208967,0.00476020047476133,0.00948854697014312,-0.00681475140354149,0.0163135754915236,0.0194808353529975,-0.00120335124667736,0.00057703146765542,0.00596355172143781,-0.00455581653586296
10833.987,0.0296,1429.661,0.71,81.328,7032.42454200006,40619.356,17005.512,5529.561,138.92,0.422075426306611,133.213493507771,20.8151287263911,-0.824820934233569,0.0135098230200761,0.00904664702681934,0.0512130062173988,-0.0429818225736849,0.0224560707925047,0.0040341237570356,0.00686086694094623,0.00947569926303959,-0.0277795641070744
10939.116,0.0334,1484.116,0.686666666666667,81.837,7104.3275734842,41576.888,17254.989,5559.792,139.97,0.418380495432943,133.669562667253,20.7802335143905,-0.875986785595607,0.00965685203258815,0.0101725843317215,0.0373819555753085,0.12078153865264,-0.00879273875844933,0.00341774865713784,-0.00167784187020104,0.00623910337544853,-0.0334159969198435
11087.361,0.0425,1557.107,0.649999999999999,83.164,7164.96282243505,41576.888,17491.526,5677.027,139.64,0.424061704666304,133.319236688952,20.8255743116601,-0.956390266307382,0.013460821575336,0.00849875673364764,0.0480103035855093,0.240948175947716,0.0134876798868412,-0.00262427622580841,0.00217954259694242,0.0160850978011462,-0.0548766102258363
11152.176,0.0473,1531.67,0.666666666666666,84.14,7229.96333875899,41576.888,17765.109,5836.758,138.8,0.430621671347793,132.54309484193,20.7765785293457,-0.919843229620212,0.00582882489940673,0.00903109295397186,-0.016470968975975,0.107006219567516,0.0153509374047305,-0.00583869138182713,-0.00235544564987045,0.011667516281233,0.0253178079842903
11279.932,0.0545,1594.684,0.636666666666665,84.496,7302.91104958165,41576.888,18158.311,6002.713,134.61,0.43997811957451,133.496638894149,20.9524055849259,-0.98562789565712,0.0113905818667881,0.0100390771337029,0.0403169540706285,0.141690406171311,0.0214950855144649,0.00716846406458771,0.00842714481873186,0.00422211780220305,-0.0460439385014083
11319.951,0.0598,1611.428,0.596666666666668,84.899,7317.2154336965,42589.128,18391.685,6140.567,132.52,0.434951497480766,133.334326670514,20.8066284770458,-1.07334078370632,0.00354152646081296,0.0019568077876233,0.0104451449182434,0.0928049592873879,-0.0114904726081909,-0.0012165922595333,-0.00698185211072344,0.00475811872034093,-0.0648876222058701
11353.721,0.06,1577.96,0.573333333333332,84.778,7388.84994982852,42589.128,18720.188,6315.198,132.22,0.442657759980434,133.922963504683,20.8895222111297,-1.12450663506836,0.00297878746508928,0.00974224999560569,-0.0209878688446636,0.0033389012655145,0.0175623958118449,0.00440502697323275,0.0039760909303812,-0.00142623950813725,-0.0398913290273065
11450.31,0.058,1568.555,0.619999999999999,85.751,7449.57078986587,42589.128,19021.252,6472.76,124.09,0.449535900335879,133.529754755047,20.8992739367043,-1.02217493234429,0.00847127226070654,0.00818431826960442,-0.00597806017706404,-0.0339015516756813,0.0154187973483155,-0.00294040034814369,0.000466714844673533,0.0114116726088502,0.0782521968997488
11528.067,0.056,1607.513,0.653333333333333,85.97,7498.41300446435,42589.128,19448.45,6745.894,129.25,0.459687740026046,134.094067698034,21.0035103867528,-0.949080858969946,0.0067678667469302,0.00653498011391207,0.0245334508058139,-0.0350913198112699,0.0223317149580579,0.00421721634620553,0.00497516653076246,0.00255065040072111,0.0523679855173171
11614.418,0.0531,1633.332,0.66,86.14,7573.19881323158,43715.496,19763.96,6858.161,131,0.455100864004837,134.83187833759,20.9673956291042,-0.934462044295078,0.00746258673100009,0.00992414394250929,0.0159338359329135,-0.0531747624872563,-0.010028359430822,0.00548710529138852,-0.00172094290974867,0.00197548143961157,0.0101523714640186
11808.14,0.0527,1711.813,0.686666666666667,86.946,7674.04451108367,43715.496,20108.121,6961.828,133.14,0.463022562983158,135.810043015205,21.1783259251885,-0.875986785595607,0.0165418668089075,0.0132282493636922,0.0469309426600617,-0.00756147270057639,0.0172567115286392,0.00722851014303139,0.0100096545723063,0.00931335666587785,0.0396091380950463
11914.063,0.053,1789.565,0.703333333333335,87.673,7728.09922198942,43715.496,20424.877,7043.903,135.8,0.47032926264865,135.892042019778,21.2438742959778,-0.839439748908433,0.00893034293271278,0.00701914405873794,0.0444195307778603,0.00567645800480499,0.0156572232103199,0.000603594978316302,0.00309028869848804,0.00832674795439559,0.0239819646864873
12037.775,0.0529,1787.19,0.686666666666667,88.671,7801.15572396706,43715.496,20866.405,7511.011,136.01,0.480434100530393,135.757744922241,21.2946374010502,-0.875986785595605,0.0103301550493686,0.00940895634672145,-0.00132801958705819,-0.00188857468786807,0.0212570630510158,-0.000988751804224641,0.00238669041976491,0.0113189068535968,-0.0239819646864873
12115.472,0.0539,1823.255,0.643333333333334,89.424,7871.21332850416,44934.86,21107.277,7786.299,NaN,0.480434100530393,135.483449633208,21.1309469033781,-0.971009080982248,0.00643369133807603,0.00894032943468659,0.019978811261657,0.0187271390506978,0,-0.00202252008943571,-0.00771663196253547,0.00845621142750819,-0.065185979884695
12317.221,0.0556,1935.157,0.613333333333332,89.857,7910.79928284318,44934.86,21455.209,8032.34,133.4,0.480442333635845,137.075809341509,21.4101134178912,-1.03679374701916,0.0165150510026741,0.00501660191677189,0.0595650949070965,0.0310527233415852,1.713665807479e-05,0.0116846357112719,0.0131247561678332,0.00483041529140138,-0.0477544312959032
12471.01,0.0554,1962.053,0.586666666666668,90.392,8031.75601750547,44934.86,21843.969,8338.372,134.37,0.489115555272677,137.965859810603,21.5873054189935,-1.09526900571862,0.0124083863193789,0.0151743623710949,0.0138029138888784,-0.00360360750329836,0.0178915629459711,0.00647213623118059,0.00824202982245659,0.00593625008820098,-0.0444517625708293
12577.495,0.055,1990.86,0.56,90.822,8126.27878613961,44934.86,22365.886,8857.313,136.04,0.500767689050328,138.485113738962,21.699167855073,-1.1537442644181,0.00850235504937125,0.0116999187133651,0.014575332155732,-0.0072464085207673,0.023543528125704,0.00375657594783174,0.00516848228259192,0.00474577910153773,-0.0465200156348951
12703.742,0.0549,2078.205,0.586666666666667,91.392,8197.46969653552,46303.76,22860.428,9105.05,137.28,0.496670421581314,139.002779236695,21.6262608894229,-1.09526900571863,0.00998748988635079,0.00872242816357272,0.0429378341758868,-0.00181983671698616,-0.00821562856134672,0.00373108961777113,-0.00336555397514315,0.00625640026858143,0.0465200156348934
12821.339,0.0556,2065.336,0.616666666666666,91.861,8337.12031332638,46303.76,23428.598,9274.423,137.75,0.508951065744985,139.573257421539,21.748211720514,-1.02948433968172,0.00921429648192174,0.0168923375154115,-0.006211615320459,0.0126698527410518,0.0244252034297466,0.004095678789521,0.00562317626449094,0.00511861769239896,0.0498718300401714
12982.752,0.0551,2118.989,0.636666666666667,91.989,8436.19101843285,46303.76,23919.524,9109.144,136.67,0.519530033846063,141.13374425203,22.0005563367814,-0.985627895657116,0.0125108150769364,0.0118130350335477,0.0256461631035343,-0.00903348509766788,0.0205727479504632,0.0111183753632398,0.0115362066661153,0.00139243971369574,0.0319176029683067
13191.67,0.0468,2183.382,0.916666666666667,93.121,8556.39646289015,46303.76,24579.122,9842.58,136.39,0.533769007095752,141.661601572148,22.1635142706007,-0.37163767931266,0.0159638624905245,0.014148221950494,0.0299359626621687,-0.163266513235268,0.0270385525387805,0.00373314441660177,0.007379694449964,0.0122307180739227,0.364497669619941
13315.597,0.0481,2243.548,0.983333333333333,92.992,8633.08904671628,47787.892,25127.339,9812.599,135.76,0.528650625560131,143.19077985203,22.1834651826242,-0.225449532563982,0.00935048512744707,0.00892325633209623,0.0271834905395814,0.0273989741881144,-0.00963540389856388,0.0107367399367106,0.000899764250709811,-0.00138625480926358,0.0702042586732478
13426.748,0.0476,2244.682,0.806666666666666,93.504,8781.85879998309,47787.892,25568.46,10083.313,134.55,0.537856116356838,143.595439767283,22.282620786893,-0.612848121447984,0.00831278184957007,0.0170857097763779,0.000505321707724882,-0.0104494158743411,0.01726331218288,0.00282203366915734,0.0044598379397911,0.00549074818041628,-0.198037630183134
13604.771,0.0522,2306.47,0.773333333333333,94.105,8897.90730337079,47787.892,26213.39,10223.375,134.66,0.551354096137992,144.570118484671,22.4768225682281,-0.685942194822324,0.0131717032857814,0.0131280209706564,0.0271543541567389,0.0922497336512187,0.0247861627882302,0.00676473927148269,0.00867763249109599,0.00640696401429341,-0.042200354490376
13827.98,0.053,2367.988,0.753333333333333,94.503,9032.8081569942,47787.892,26833.038,11104.135,133.08,0.564287665168407,146.323185507338,22.7778941995689,-0.729798638846927,0.0162735356710666,0.0150471852884362,0.0263224322303399,0.0152094186635288,0.0231869206291591,0.0120531357860454,0.0133058427840544,0.00422039988502032,-0.0262023723940241
13878.147,0.0585,2351.223,0.616666666666664,94.934,9182.91268332616,49329.54,27302.051,11085.399,135.71,0.556213599397035,146.18731961152,22.5726261697692,-1.02948433968173,0.00362136900805154,0.0164811401479206,-0.00710503112776983,0.0987348406856889,-0.0144117740413688,-0.000928964281357914,-0.00905257227126111,0.00455033328941568,-0.200179174193965
14130.908,0.0653,2490.501,0.826666666666668,95.203,9255.25510204082,49329.54,27635.263,11423.897,136.92,0.562992944998068,148.429230171318,22.9381121398923,-0.568991677423375,0.0180490103449795,0.00784706927200673,0.0575482767433373,0.109965282044575,0.0121147049212854,0.0152194697560892,0.0160618720379953,0.00282954058888585,0.293072921086663
14145.312,0.0652,2466.375,0.713333333333334,95.183,9349.6161438912,49329.54,28066.841,11850.622,138.69,0.571777701555701,148.611747896158,22.9647924052652,-0.817511526896133,0.00101880670371735,0.0101437789832701,-0.00973443374943095,-0.00153256734977836,0.0154831852240297,0.0012289061865971,0.0011624653664839,-0.000210099482877091,-0.147452731143131
14229.765,0.064,2471.534,0.81,94.835,9433.99102772134,49329.54,28637.413,12098.452,137.92,0.583328630269003,150.047609005114,23.1612652795467,-0.605538714110549,0.00595263578489025,0.00898394547531467,0.00208954919060211,-0.0185763855729353,0.0200004336226615,0.009615450771574,0.00851900519436466,-0.0036628149866873,0.127085428318696
14183.12,0.0531,2358.969,0.803333333333333,94.791,9475.89878356046,50697.112,29018.834,11793.765,138.54,0.575128894916144,149.625175385849,22.9050684858362,-0.620157528785418,-0.00328337244914323,0.00443237108909855,-0.0466143513204074,-0.186706155111779,-0.014156535073284,-0.00281930105819583,-0.0111230659880279,-0.000464071390944731,-0.00826450984989394
14271.694,0.0397,2362.652,0.813333333333333,93.869,9482.46842431261,50697.112,29438.864,11937.694,139.35,0.583429959481716,152.038415238258,23.2065955962979,-0.598229306773114,0.00622560991477172,0.000693059791814221,0.00156005776277635,-0.290825740554749,0.0143302286099898,0.0159998846987452,0.0130783138832906,-0.00977427478397086,0.0123712918025469
14214.516,0.0307,2311.409,0.843333333333334,92.746,9483.00249470211,50697.112,30167.317,11732.946,139.99,0.597811311224198,153.262846915231,23.3095567917928,-0.532444640736207,-0.00401443904181775,5.63202877401636e-05,-0.0219274216447847,-0.257088533099993,0.0243507617320359,0.00802118034662413,0.00442690800324375,-0.0120356193884437,0.0362212634343196
14253.574,0.0182,2196.554,1,91.693,9609.74435768531,50697.112,30738.406,11201.914,139.68,0.609069920984848,155.448878322227,23.5616163265608,-0.18890249587681,0.00274398630235773,0.0132766359581549,-0.0509675265978169,-0.522841060510402,0.0186579028127201,0.0141625197044544,0.0107555219071238,-0.0114185334021011,0.17039298592868
14372.785,0.0173,2262.071,1.33333333333333,90.932,9620.15674357231,51889.248,31165.148,11317.736,140.25,0.603311846030222,158.060803677473,23.7325763945135,0.542038237866592,0.0083288055688957,0.00108293712482066,0.0293909966555512,-0.0507150925790159,-0.00949885325940775,0.0166628716026223,0.00722967462868729,-0.00833406603372477,0.287682072451778
14460.848,0.0175,2298.939,1.31,91.131,9706.53747559404,51889.248,31670.841,11153.186,141.04,0.613072692824533,158.681985273946,23.841447673161,0.490872386504547,0.00610837169347,0.00893906699644553,0.0161669468002854,0.0114943794257352,0.0160492936206447,0.00392231434794521,0.00457692914721974,0.00218605734552479,-0.0176549352387181
14519.633,0.0175,2295.983,1.27666666666667,90.793,9778.1031064111,51889.248,32228.109,11079.127,142.23,0.623835192215543,159.920181071228,24.000837550216,0.417778313130214,0.00405687404737876,0.00734588378310974,-0.00128663790497008,0,0.0174027041820616,0.00777271570555094,0.00666316276586176,-0.0037158416581704,-0.0257746226886127
14537.58,0.0124,2293.746,1.32,90.95,9821.33816977487,51889.248,33060.275,11046.807,143.58,0.639898558560725,159.841451346894,24.0014152858941,0.512800608516855,0.00123528724397381,0.00441187408192434,-0.000974785298710756,-0.344504408318477,0.0254234430963272,-0.000492427595703226,2.40711901624557e-05,0.00172771483967704,0.0333792220738321
14614.141,0.0125,2312.465,1.11666666666667,90.481,9896.75782425027,53148.096,33678.707,11292.424,143.26,0.636372128928194,161.516130458328,24.0426409479979,0.0669267609333791,0.00525260076584999,0.00764982808619941,0.00812776620475741,0.00803217169726445,-0.0055261609334209,0.0104226218169652,0.00171616118427975,-0.00517002105111697,-0.167283679429411
14743.567,0.0122,2327.492,1.16333333333333,90.198,9984.95764368565,53148.096,34575.093,11526.665,143.06,0.653234181709915,163.457803942438,24.3088577461556,0.169258463657458,0.00881723045286797,0.00887251386116361,0.00647723784406828,-0.0242926925690448,0.026152188741805,0.011949860492134,0.0110118401901387,-0.00313263003926245,0.0409413903773548
14988.782,0.0101,2411.638,1.11,90.313,10134.8041311926,53148.096,35210.623,11480.839,142.96,0.665190019224772,165.964833412687,24.6911019594037,0.0523079462585108,0.0164952025859435,0.0148957288728493,0.0355148916837917,-0.188900527891997,0.0181370536837629,0.0152210418360879,0.0156021339424428,0.00127416074985387,-0.0469294322219804
15162.76,0.0098,2493.928,1.00666666666667,90.75,10192.6261286209,53148.096,36040.978,12330.267,144.1,0.680834888233814,167.082754820937,24.8931168490878,-0.174283681201942,0.0115403670474024,0.00568907654757744,0.033552792872201,-0.0301530381706883,0.0232470788488074,0.00671330852605045,0.00814839932109956,0.00482705852135457,-0.097715472605571
15248.68,0.01,2498.14,0.816666666666667,91.152,10293.4751192562,54536.764,37526.86,12837.028,145.66,0.690772925214265,167.288485167632,24.7650818920437,-0.590919899435679,0.00565052023890189,0.00984568064795432,0.00168747741396924,0.0202027073175204,0.0144913302431395,0.00123055064581923,-0.00515666069274134,0.00441996959307911,-0.209168806830145
15366.85,0.0103,2597.507,0.736666666666667,91.25,10335.8215771846,54536.764,38285.206,13345.594,146.62,0.704695753492085,168.403835616438,24.9381046684522,-0.766345675534095,0.00771964991894158,0.00410547368922387,0.0390056839177548,0.0295588022415441,0.0199550022089563,0.00664510019437881,0.00696226891252305,0.001074549724561,-0.103095509026974
15512.619,0.0161,2638.672,0.806666666666667,91.761,10442.4070899097,54536.764,39078.786,13823.81,147.24,0.719258407044466,169.05459835878,25.0761895707959,-0.612848121447982,0.00944122988517115,0.0102594354242953,0.0157236214064511,0.446675376754827,0.0204545366545538,0.0038568515912738,0.00552183152043995,0.0055843782939009,0.0907750246389335
15670.88,0.0216,2693.575,0.700000000000002,92.289,10568.8349866773,54536.764,40141.992,14379.056,147.24,0.738753623152265,169.80225162262,25.2302057031712,-0.846749156245866,0.0101503913211332,0.0120344549039491,0.0205935472693684,0.293874042699702,0.0267437821548659,0.00441280426897084,0.00612314250485202,0.00573758705215965,-0.141830195439215
15844.727,0.0263,2769.261,0.646666666666666,92.529,10612.989897987,56048.848,40915.939,14702.21,146.93,0.732626458263692,171.240659685072,25.2564761394917,-0.963699673644817,0.0110325505292366,0.00416913797629981,0.0277111900392786,0.1968756244936,-0.00832850788589357,0.00843539944109928,0.00104068786985589,0.00259715108813996,-0.0792493716541445
15922.782,0.0304,2733.225,0.826666666666665,93.022,10721.2412824367,56048.848,41791.338,14986.078,146.75,0.74824174798383,171.172217324934,25.286448448002,-0.568991677423381,0.00491415030862363,0.0101482272849402,-0.0130982669313511,0.144873669228457,0.0210901529921676,-0.000399765111914085,0.00118601415601693,0.00531391542053861,0.245570587101653
16047.587,0.0362,2769.106,0.886666666666668,93.241,10828.2119221471,56048.848,42485.2,15535.68,147.96,0.760642930609386,172.108696817923,25.4425677891576,-0.437422345349564,0.00780758170113138,0.00992800302872432,0.0130422937536832,0.174616510419549,0.0164379187341228,0.00545606689769862,0.00615505072294864,0.00235151480342921,0.0700675626167205
16136.734,0.0416,2857.35,0.956666666666666,93.858,10845.5692676606,56048.848,43579.4,16201.77,149.48,0.780192306539467,171.92710264442,25.4657494984056,-0.283924791263453,0.00553979237207614,0.00160169091606299,0.0313700974466933,0.139041048435492,0.0253763991565208,-0.00105567031484188,0.000910723908603472,0.00659546268691891,0.0759859069779198
16353.835,0.0459,2899.229,0.916666666666667,94.86,10943.4713069412,57539.832,44642.609,16739.055,NaN,0.780192306539467,172.399694286317,25.4167252688031,-0.37163767931266,0.013364138447713,0.00898641661527222,0.0145502177051986,0.098364949799282,0,0.00274501980596842,-0.00192695992073588,0.0106191186417481,-0.0427111180930488
16396.151,0.0499,2882.564,0.843333333333334,95.078,11000.7498629026,57539.832,45726.45,17165.721,150.1,0.79730072899761,172.449473064221,25.4414430344442,-0.532444640736207,0.00258418574889951,0.00522038905822342,-0.00576466371245399,0.0835558856909735,0.0216914976994887,0.000288698845539948,0.000972027440701684,0.00229548690335601,-0.0833816089390505
16420.738,0.0525,2871.589,0.913333333333334,95.45,11073.7462707771,57539.832,46657.125,17694.393,150.7,0.813485604198497,172.034971189104,25.4098435074527,-0.378947086650093,0.00149843604008026,0.00661366615189607,-0.00381464076764715,0.0507921668401048,0.0200962965319063,-0.00240650677888521,-0.00124282130139886,0.00390494281896459,0.0797386176605499
16561.866,0.0524,2818.228,0.893333333333334,95.901,11121.11360151,57539.832,47764.962,18346.483,150.09,0.832728395870186,172.697531829699,25.5435628798898,-0.422803530674698,0.00855777556541604,0.00426832184741954,-0.0187572164464935,-0.0019065782705816,0.0233793032484786,0.00384391637347115,0.00524870421441648,0.00471385919194489,-0.0221411258772135
16611.69,0.0526,2800.037,0.933333333333334,95.854,11185.5403384126,58882.184,48973.278,18805.32,150.45,0.834271500527222,173.302000959793,25.4532276946628,-0.33509064262549,0.0030038406171311,0.00577647514714563,-0.00647568726971848,0.00380952841666771,0.00185135596123612,0.00349404948721332,-0.00354278293573573,-0.000490208870080444,0.0438026226583929
16713.314,0.0525,2827.01,0.916666666666666,96.263,11231.9840781701,58882.184,50099.797,19671.992,150.17,0.853398491468998,173.621370620072,25.5324798864025,-0.371637679312661,0.00609898291468092,0.00414352676442675,0.00958698464434438,-0.0019029501460861,0.02266771349813,0.00184115442578925,0.00310880281272707,0.00425782848889078,-0.0180185055026798
16809.587,0.0494,2794.526,0.876666666666667,96.01,11309.0452667298,58882.184,51531.659,20047.536,149.92,0.877711652135729,175.081626913863,25.7269372965148,-0.459350567361868,0.00574373110930715,0.00683744185785073,-0.0115571123495952,-0.0608627454037012,0.0280915221906221,0.00837540738228615,0.00758722410992707,-0.002631676272979,-0.0446170654888055
16915.191,0.0424,2762.518,0.98,95.765,11422.9190854437,58882.184,52736.289,19936.815,151.21,0.898191870736316,176.632287370125,25.9350031332567,-0.232758939901415,0.00626271551219482,0.010018911651386,-0.0115199210145667,-0.152802061955965,0.0230655847249525,0.00881779446710595,0.00805494180004107,-0.00255507895490847,0.111425735160917
16843.003,0.0261,2686.998,1.29333333333333,95.434,11457.876653496,59951.996,53597.233,18409.65,152.21,0.896541342843698,176.488494666471,25.7484565709366,0.454325349817383,-0.00427677559003214,0.00305562757962008,-0.0277179973511954,-0.485213047909264,-0.00183930218201223,-0.000814410926326836,-0.00721884229468017,-0.00346236466370708,0.277425572284589
16943.291,0.02,2641.85,1.39,94.874,11545.5891403953,59951.996,53871.695,18268.138,152.68,0.901127211844623,178.587294727744,26.0089032837963,0.666298162602966,0.00593662593131583,0.00762606059231175,-0.0169451559905145,-0.266203040774657,0.00510202944446465,0.0118218395464407,0.0100642270759304,-0.00588521361512484,0.0720808821755306
16854.295,0.0181,2589.254,1.55333333333333,93.829,11492.299686648,59951.996,54707.936,16993.567,153,0.915081059186086,179.62778032378,26.0741978568057,1.02445912213724,-0.00526642380278375,-0.00462625279512707,-0.0201096259834852,-0.0998203352822107,0.0153662133674384,0.00580929500004412,0.00250732409501797,-0.0110757188028314,0.111099412326842
16485.35,0.0016,2338.938,3.02333333333334,91.428,11180.0097051223,59951.996,54818.411,15260.808,154.15,0.916942965501933,180.309642560266,25.9715249622747,4.24790775794563,-0.0221334127394854,-0.0275498828211624,-0.101672823138125,-2.42590830902604,0.00203262286062164,0.00378878665460558,-0.00394549339163142,-0.0259221993940884,0.665956815989495
16298.262,0.0018,2073.135,2.94,88.968,11084.9745321482,60486.876,54600.67,14423.513,155.22,0.905252405497021,183.19240625843,26.1034006623518,4.06517257450978,-0.0114136313599023,-0.00853679024565857,-0.120635025853065,0.117783035656383,-0.0128314675708312,0.0158613914024306,0.00506485531797862,-0.027275022762332,-0.0279503941083474
16269.145,0.0021,1952.641,2.47,86.791,11092.69876465,60486.876,54480.189,13672.85,155.31,0.903262039851422,187.4519823484,26.5135185911061,3.03454613993159,-0.00178810721762801,0.000696577383095587,-0.0598791391102083,0.154150679827258,-0.00220110649854838,0.0229857176443833,0.0155891390128544,-0.0247738248620122,-0.174191430710704
16326.281,0.0015,1946.867,1.39333333333333,85.717,11230.8403294878,60486.876,54466.08,14327.298,156.59,0.903049944255676,190.467246870516,26.8398374492077,0.673607569940403,0.0035057715471396,0.0123764719916473,-0.00296140139719281,-0.336472236621213,-0.000234838276650828,0.0159575288755489,0.0122325173655793,-0.0124517573284075,-0.572519192771333
16502.754,0.0012,2128.516,1.12666666666667,85.713,11269.2986111893,60486.876,54305.923,14264.688,156.79,0.900405453242452,192.53501802527,27.1308525950146,0.0888549829456826,0.0107511353792447,0.00341849614842182,0.0892036094526292,-0.22314355131421,-0.00293269565997135,0.0107978016570316,0.0107842966621452,-4.66662777895976e-05,-0.212435537041732
16582.71,0.0016,2174.335,0.993333333333333,86.085,11345.7724965183,61035.284,54119.573,14594.027,156.98,0.889265183070173,192.631817389789,27.106404450559,-0.203521310551678,0.00483331022067901,0.00676311619413994,0.0212978473754388,0.287682072451782,-0.0124496807803238,0.000502636040575766,-0.000901525904634326,0.00433067418010413,-0.125952408977618
16743.162,0.0018,2288.469,1.13333333333333,86.744,11409.4455186597,61035.284,54061.686,14631.411,157.19,0.888320205080065,193.018099234529,27.2227104073134,0.103473797620551,0.00962934982260855,0.0055963593301005,0.0511601643649593,0.117783035656383,-0.00106321539930113,0.00200327788116272,0.00428153982376855,0.00762607194144493,0.1318521311048
16872.266,0.0019,2390.072,1.19666666666667,87.159,11478.0584558127,61035.284,54430.761,15209.287,156.73,0.894359580599314,193.580307254558,27.3408574546467,0.242352537031793,0.00768127270500329,0.00599568592296684,0.0434404559836787,0.0540672212702757,0.00677564044091432,0.00290848801710641,0.00433062706894605,0.00477278468789955,0.0543767708780776
16960.864,0.0018,2383.297,1.05666666666667,87.585,11555.3310289817,61035.284,54935.87,14007.639,156.51,0.902631664661379,193.650328252555,27.3908451672014,-0.0646425711404301,0.00523736364445071,0.00670963890190102,-0.00283866784630771,-0.0540672212702757,0.00920665864572601,0.000361650098620991,0.00182664613229067,0.00487571354583061,-0.124420614610998
16920.632,0.0014,2338.901,0.96,87.73,11637.4523289906,61657.132,55151.584,14630.593,156.99,0.897034490673358,192.871674455716,27.2115640701837,-0.276615383926018,-0.0023748667360497,0.00708165483534806,-0.0188036622403267,-0.251314428280906,-0.00622025592733201,-0.00402903247273567,-0.00656680698826628,0.00165416573668153,-0.0959412937413378
17035.114,0.0009,2434.538,0.813333333333333,88.602,11686.7244815277,61657.132,55266.171,14595.008,157.66,0.898903812133201,192.265569625968,27.2063359889409,-0.598229306773114,0.00674303746866656,0.00422499162409551,0.0400758445473786,-0.44183275227904,0.00208172199678659,-0.00314747711072982,-0.000192145645208974,0.00989051457939993,-0.165792254842744
17031.313,0.0008,2445.296,1,88.84,11706.026601071,61657.132,55525.094,13456.313,158.74,0.903120729001797,191.70771049077,27.1493685222511,-0.18890249587681,-0.000223152255784953,0.00165026540535784,0.00440917352052583,-0.117783035656383,0.00468020769943228,-0.0029057205623193,-0.00209609968484203,0.00268256830653435,0.206614249363
17222.583,0.0007,2633.829,1.32666666666667,89.675,11751.0311463826,61657.132,55869.472,13987.201,159,0.908710317567155,192.055567326457,27.2746550474904,0.527419423191722,0.0111678968114646,0.00383719058176979,0.0742725019463917,-0.133531392624523,0.00617011868636577,0.00181287241934669,0.00460409717389965,0.00935502439211966,0.282669530628239
17367.01,0.0013,2692.179,1.30333333333333,90.341,11844.6917049446,62424.416,56241.741,14464.369,159.18,0.903507387237712,192.238407810407,27.2600683778401,0.476253571829684,0.00835094181879015,0.0079388159509346,0.021912221945092,0.619039208406223,-0.00574207459877181,0.000951565778159136,-0.000534949811128449,0.00739937604062657,-0.017744445299077
17444.525,0.0016,2752.614,1.29333333333333,90.473,11845.2377108291,62424.416,56404.203,14274.374,157.78,0.906087499480972,192.8147071502,27.3537559065353,0.454325349817382,0.00445341626632256,4.60960330457283e-05,0.0222001027653542,0.207639364778245,0.00285159292896163,0.00299335207384566,0.00343091229459613,0.00146006419248135,-0.00770222036209239
17469.65,0.0014,2759.86,1.41666666666667,90.985,11838.7370607063,62424.416,57115.492,14770.906,158.17,0.917488150790229,192.005825136011,27.2848758566632,0.724773421302441,0.00143924376486204,-0.000548949266223175,0.00262894815406423,-0.133531392624523,0.0125037860020684,-0.0042039503488942,-0.00252129616493502,0.0056431941137518,0.0910838293011484
17489.852,0.0016,2736.423,1.03333333333333,91.507,11892.9573414283,62424.416,57570.091,14786.564,159.18,0.924786721272651,191.131301430492,27.2070636553812,-0.115808422502471,0.00115573741575048,0.00456944827839401,-0.00852836073153895,0.133531392624523,0.00792347415429362,-0.00456507690657038,-0.00285591795288864,0.0057208143223253,-0.31551687144523
17662.4,0.0014,2845.38,0.933333333333333,92.128,11964.6756773961,63225.104,58027.886,15169.824,160.87,0.920342590500128,191.715873567211,27.2415126026039,-0.335090642625491,0.00981725926551569,0.00601221017547537,0.0390450332481942,-0.133531392624523,-0.00481715762467676,0.00305381692327966,0.00126537566955065,0.00676344234223425,-0.10178269430994
17709.671,0.0009,2882.489,0.873333333333334,92.494,11979.2094091742,63225.104,58066.099,15379.274,NaN,0.920342590500128,191.468322269553,27.2385482251319,-0.466659974699302,0.00267278826513717,0.00121398290298202,0.0129575307004712,-0.44183275227904,0,-0.00129207485479466,-0.000108824308559186,0.00396486311993272,-0.0664450994081517
17860.45,0.0008,2998.991,0.896666666666667,92.863,12018.4136783111,63225.104,58453.791,16425.629,163.63,0.927122571439345,192.331176033512,27.3936869402606,-0.415494123337265,0.0084778965524972,0.00326734892629155,0.0396217417400706,-0.117783035656383,0.00733979889507892,0.00449638533401497,0.0056793990458619,0.00398151121848311,0.0263668758407418
18016.147,0.0009,3027.805,0.763333333333333,93.126,12104.9074675665,63225.104,59482.165,16984.788,163.58,0.943387060304401,193.459903786268,27.5776520752619,-0.707870416834626,0.00867964023826318,0.00717099933141085,0.00956203579626802,0.117783035656383,0.017390874133649,0.00585151410933804,0.0066931541080395,0.00282812612892158,-0.1609893760476
17953.974,0.0008,2998.148,0.676666666666666,93.498,12158.1001795632,64118.472,59945.448,16943.959,164.09,0.937476145719754,192.025219790798,27.291157474593,-0.89791500760791,-0.00345692814966014,0.00438468288774629,-0.00984316985220879,-0.117783035656383,-0.00628534177837325,-0.00744355894408599,-0.0104429896211817,0.0039866307944294,-0.120516024512453
18185.911,0.001,3121.321,0.603333333333333,94.472,12260.4079725942,64118.472,60399.327,17773.51,163.84,0.944551002400681,192.500539842493,27.4434246668314,-1.05872196903146,0.0128356902291493,0.00837957757624075,0.0402615449437906,0.22314355131421,0.00751837189386356,0.00247224162169868,0.00556385301889062,0.010363448607448,-0.114708947775961
18406.941,0.0009,3193.152,0.623333333333334,95.234,12364.6072410727,64118.472,60862.45,17717.962,164.82,0.95178921294319,193.281191591238,27.6209430888523,-1.01486552500685,0.0120806483257816,0.00846293003110077,0.0227522070837605,-0.105360515657827,0.00763391045069467,0.00404712173062638,0.00644769182865712,0.00803352659515255,0.0326115855887623
18500.031,0.0012,3203.351,0.863333333333334,96.202,12478.1155109376,64118.472,61636.34,17791.107,166.52,0.963885415110953,192.304016548512,27.564451128794,-0.488588196711603,0.00504458601543334,0.00913821410729199,0.00318893265368558,0.287682072451781,0.0126288282530641,-0.00506854056677586,-0.00204735258638822,0.0101131265822083,0.325719444844951
18666.621,0.0011,3314.895,0.93,96.692,12524.4272442621,65053.556,61863.476,18274.665,167.05,0.953530134463364,193.052382823812,27.594096163839,-0.342400049962925,0.00896454787692491,0.00370456611092607,0.0342284995407098,-0.0870113769896292,-0.0108013949600265,0.00388402640941621,0.0010749027795125,0.00508052146751314,0.0743837201218272
18782.243,0.0013,3328.049,0.936666666666666,96.951,12601.2227074236,65053.556,62385.719,18517.162,167.1,0.96155879626319,193.729234355499,27.7129465492487,-0.327781235288057,0.00617494658253648,0.00611293259674817,0.00396029748022109,0.167054084663166,0.00838468512610752,0.00349991929577076,0.00429784571818015,0.00267502728676394,0.00714288751237935
18857.418,0.0014,3335.27,1.15666666666667,97.079,12689.1917649591,65053.556,62719.273,17848.53,168.67,0.96671030558268,194.248169016986,27.7982383490182,0.154639648982587,0.00399446211569021,0.00695673947235065,0.00216738920251913,0.0741079721537226,0.00534315627477485,0.0026750783238203,0.00307296149574166,0.00131938379186991,0.210970110613117
18892.206,0.0024,3315.334,1.42666666666667,97.779,12731.3237208063,65053.556,63310.558,17838.031,169.99,0.975819799919931,193.213328015218,27.7095663757216,0.746701643314744,0.00184309172710506,0.00331480252234151,-0.00599526290050179,0.538996500732686,0.00937906814333988,-0.00534165830831501,-0.00319493985265451,0.00718475003542007,0.209798415634937
19001.69,0.0036,3301.09,1.38,98.027,12844.7895298269,65971.328,63996.42,17612.507,170.48,0.972648299576446,193.841390637273,27.7045555512746,0.644369940590665,0.00577846651847125,0.00887285353443801,-0.00430565574557917,0.405465108108165,-0.00325538113263138,0.00324534564769063,-0.000180850089703366,0.00253312087077884,-0.0332572217564849
19062.709,0.0038,3287.033,1.07666666666667,98.285,12902.6620075592,65971.328,64549.48,18186.177,169.79,0.981021179382656,193.953390649641,27.7422525644369,-0.0207861271158271,0.00320609566267294,0.00449540220387057,-0.00426738278327399,0.0540672212702757,0.00857149191263944,0.00057762518159965,0.00135975433939839,0.00262847048107506,-0.248213650602655
19197.938,0.004,3301.079,0.92,98.755,13003.8878162788,65971.328,65165.876,18983.065,169.82,0.990365026455129,194.399655713635,27.8456270207266,-0.364328271975225,0.00706885919110434,0.00781472828780672,0.00426405054503398,0.051293294387551,0.00947953984444524,0.0022982451900484,0.00371932069469194,0.0047706140010586,-0.15725145750551
19304.352,0.0054,3391.749,0.83,98.85,13067.5616366321,65971.328,65595.215,19073.539,169.92,0.996874505845934,195.289347496206,27.9810896358914,-0.561682270085945,0.00552768528621073,0.00488457284033927,0.0270963328237261,0.300104592450338,0.00655130150842504,0.00456617108040192,0.00485297682322638,0.000961514205805258,-0.102947969252442
19398.343,0.0079,3382.703,0.700000000000001,99.19,13177.6899084415,66940.28,66040.355,19475.378,169.63,0.989090350383954,195.567526968444,27.9277611643898,-0.846749156245869,0.00485708733103607,0.00839229282950527,-0.00267062350622993,0.380463805902747,-0.00783920752770881,0.00142343418976054,-0.00190769393079737,0.00343365314127642,-0.170345365747238
19506.949,0.0104,3435.929,0.696666666666667,99.816,13235.0526843954,66940.28,66692.424,20748.477,170.02,0.998837232231476,195.429079506292,27.9603216027462,-0.854058563583304,0.00558311101297804,0.0043435751466685,0.0156122463022754,0.274943046674351,0.00980615193244266,-0.000708177337836347,0.00116520161108369,0.00629128835081794,-0.00477327875265859
19660.766,0.0115,3493.166,0.679999999999999,100.06,13303.5133084403,66940.28,67540.155,21148.328,171.06,1.01151675792214,196.489766140316,28.1325364384781,-0.890605600270476,0.00785431525684821,0.0051593425149683,0.0165211479679161,0.100541229221878,0.012614389192954,0.00541280030550784,0.00614036734250956,0.0024415149513386,-0.0242142581205965
19882.352,0.013,3558.859,0.71,100.691,13446.785012602,66940.28,68597.723,21926.153,172.33,1.0273344091181,197.459077772591,28.3243665378148,-0.824820934233569,0.0112074277693939,0.010711886081392,0.018631499558909,0.122602322092332,0.0155165505060968,0.00492101247840537,0.00679565571132423,0.00628641529098495,0.0431721718652101
20044.077,0.0151,3612.936,0.723333333333334,101.225,13552.7603309045,68005.632,69322.917,21910.659,171.81,1.02189664232515,198.015085206224,28.3151972207784,-0.795583304883832,0.00810119454916958,0.00785019608190929,0.0150807503243158,0.149745386359342,-0.00530714147860111,0.00281185398199213,-0.000323777815647741,0.005289340567181,0.0186051878310355
20150.476,0.0182,3612.389,0.84,101.739,13600.7813111929,68005.632,70014.47,22084.142,172.49,1.0320756963188,198.060488111737,28.3645590552337,-0.539754048073642,0.00529421230376848,0.00353699940763974,-0.0001514118744943,0.186726850261871,0.00991165960258335,0.000229263851498906,0.0017417804937061,0.00506494845226868,0.149531733970963
20276.154,0.0195,3722.248,0.903333333333332,102.18,13650.4274837439,68005.632,70763.078,22309.439,171.89,1.04307490297274,198.435642982971,28.455005371081,-0.400875308662398,0.00621760482522582,0.00364359818670756,0.0299584605210761,0.0689928714869517,0.0106009748552078,0.00189235129306553,0.00318363553659662,0.00432525353215851,0.0726897333682762
20304.874,0.0227,3724.752,1.01333333333333,102.497,13686.0181131636,68005.632,71674.698,21127.509,172.52,1.05648923312704,198.102129818434,28.4336382301401,-0.159664866527073,0.00141543998318383,0.0026038973796414,0.000672485589999994,0.151950458917656,0.0127783785741555,-0.0016821259716151,-0.000751191822939035,0.00309756595480337,0.114908880526519
20431.641,0.0241,3755.53,1.14,102.52,13694.4400356147,69059.464,72262.974,22408.288,173.45,1.04889930799347,199.294196254389,28.4753989311568,0.118092612295417,0.00622377290726739,0.000615177632962371,0.00822914796191831,0.0598469160092518,-0.00721003070473714,0.00599940126884757,0.00146763011977047,0.000224371638415377,0.117783035656387
20602.275,0.0238,3790.049,1.00333333333333,102.86,13817.0476208816,69059.464,72899.285,23657.019,175.24,1.05813918567338,200.294332101886,28.6464686594527,-0.181593088539376,0.00831677793289565,0.0089132509677885,0.00914952737477925,-0.0125262598191802,0.00877054400012415,0.00500583908199825,0.0059896584951753,0.00331093885089917,-0.127700472313733
20843.322,0.0204,3819.94,0.920000000000001,103.146,13962.9549293612,69059.464,74037.52,23713.664,175.88,1.07463040836807,202.075911814321,28.9252529940243,-0.364328271975224,0.0116321025809096,0.0105045814813529,0.00785576791819409,-0.154150679827258,0.0154649160551699,0.00885548264026603,0.0096848419896598,0.00277661994064182,-0.0867093990317214
20985.448,0.0155,3770.431,0.886666666666666,102.899,14065.8253281794,69059.464,74886.196,24439.815,177.11,1.08693728060212,203.942195745343,29.171401810539,-0.437422345349568,0.00679563596805366,0.00734037369945817,-0.0130453971559454,-0.27469487692497,0.0113871106408238,0.00919317163567079,0.00847381971463523,-0.00239753566761269,-0.0369045569354527
